station_abbr;reference_timestamp;ths200y0;ths2dyyn;ths2dyyx;th9120yv;th91dnyv;th91dxyv;pva2hsy0;pv9120yv;rhsdryyx;phsstay0;ph9120yv;rhs001yx;fhs010y0;fh9120yv;rhs150y0;rh9120yv;ghs000y0;gh9120yv;shs000y0;sh9120yv;xhs000y0;xhs00oy0;xhs012y0;rhs001y0;thl200yn;thl200yx;ths00ny0;ths25xy0;ths00xy0;ths20ny0;ths30xy0;ths35xy0
SMA;01.01.1864 00:00;6.7;;;-3.1;;;;;;;;;;;649.9;59;;;;;;;;;;;;;;;;
SMA;01.01.1865 00:00;8.4;;;-1.4;;;;;;;;;;;668.2;60;;;;;;;;;;;;;;;;
SMA;01.01.1866 00:00;8.8;;;-1;;;;;;;;;;;1206.8;109;;;;;;;;;;;;;;;;
SMA;01.01.1867 00:00;8.1;;;-1.7;;;;;;;;;;;1301.9;118;;;;;;;;;;;;;;;;
SMA;01.01.1868 00:00;9.2;;;-0.6;;;;;;;;;;;856.1;77;;;;;;;;;;;;;;;;
SMA;01.01.1869 00:00;8.2;;;-1.6;;;;;;;;;;;975.1;88;;;;;;;;;;;;;;;;
SMA;01.01.1870 00:00;7.4;;;-2.4;;;;;;;;;;;812.9;73;;;;;;;;;;;;;;;;
SMA;01.01.1871 00:00;6.9;;;-2.9;;;;;;;;;;;772.3;70;;;;;;;;;;;;;;;;
SMA;01.01.1872 00:00;8.8;;;-1;;;;;;;;;;;1177.4;106;;;;;;;;;;;;;;;;
SMA;01.01.1873 00:00;8.4;;;-1.4;;;;;;;;;;;1043.8;94;;;;;;;;;;;;;;;;
SMA;01.01.1874 00:00;7.9;;;-1.9;;;;;;;;;;;884.3;80;;;;;;;;;;;;;;;;
SMA;01.01.1875 00:00;8;;;-1.8;;;;;;;;;;;1101.4;99;;;;;;;;;;;;;;;;
SMA;01.01.1876 00:00;8.3;;;-1.5;;;;;;;;;;;1605.3;145;;;;;;;;;;;;;;;;
SMA;01.01.1877 00:00;8.5;;;-1.3;;;;;;;;;;;933.2;84;;;;;;;;;;;;;;;;
SMA;01.01.1878 00:00;7.6;;;-2.2;;;;;;;;;;;1164;105;;;;;;;;;;;;;;;;
SMA;01.01.1879 00:00;6.5;;;-3.3;;;;;;;;;;;1011.1;91;;;;;;;;;;;;;;;;
SMA;01.01.1880 00:00;8.4;;;-1.4;;;;;;;;;;;979.5;88;;;;;;;;;;;;;;;;
SMA;01.01.1881 00:00;7.9;;;-1.9;;;;;;;;;;;954;86;;;;;;;;;;;;;;;;
SMA;01.01.1882 00:00;8.1;4;12.1;-1.7;-2.2;-1.9;;;;;;;;;1166.9;105;;;;;;;;;;;;;;;;
SMA;01.01.1883 00:00;7.7;3.7;12.6;-2.1;-2.5;-1.4;;;;;;;;;924.2;83;;;;;;;;;;;;;;;;
SMA;01.01.1884 00:00;8.4;4.2;13.2;-1.4;-2;-0.8;;;;;;;;;821;74;;;101025;99;;;;;;;;;;;;
SMA;01.01.1885 00:00;8;3.6;12.7;-1.8;-2.6;-1.3;;;;;;;;;1039.7;94;;;109706;108;;;;;;;;;;;;
SMA;01.01.1886 00:00;8.1;3.9;12.6;-1.7;-2.3;-1.4;;;;;;;;;1098.8;99;;;105044;103;;;;;;;;;;;;
SMA;01.01.1887 00:00;6.7;2.5;11.5;-3.1;-3.7;-2.5;;;;;;;;;862.3;78;;;110735;109;;;;;;;;;;;;
SMA;01.01.1888 00:00;7;3.2;10.9;-2.8;-3;-3.1;;;;;;;;;1244.2;112;;;95595;94;;;;;;;;;;;;
SMA;01.01.1889 00:00;7.1;3.7;11.6;-2.7;-2.5;-2.4;;;;;;;;;974.4;88;;;86888;85;;;;;;;;;;;;
SMA;01.01.1890 00:00;6.8;3.2;11;-3;-3;-3;;;;;;;;;935.8;84;;;106761;105;;;;;;;;;;;;
SMA;01.01.1891 00:00;7;2.8;11.6;-2.8;-3.4;-2.4;;;;;;;;;1193.5;108;;;111560;110;;;;;;;;;;;;
SMA;01.01.1892 00:00;8;4;12.3;-1.8;-2.2;-1.7;;;;;;;;;1007.4;91;;;104557;103;;;;;;;;;;;;
SMA;01.01.1893 00:00;8.2;3.8;12.7;-1.6;-2.4;-1.3;;;;;;;;;801.6;72;;;125464;123;;;;;;;;;;;;
SMA;01.01.1894 00:00;8;4;13.2;-1.8;-2.2;-0.8;;;;;;;;;974.3;88;;;107406;106;;;;;;;;;;;;
SMA;01.01.1895 00:00;7.6;3.3;12.6;-2.2;-2.9;-1.4;;;;;;;;;880.8;80;;;120273;118;;;;;;;;;;;;
SMA;01.01.1896 00:00;7.3;3.7;11.2;-2.5;-2.5;-2.8;;;;;;;;;1107;100;;;89213;88;;;;;;;;;;;;
SMA;01.01.1897 00:00;8.3;4.5;12.6;-1.5;-1.7;-1.4;;;;;;;;;1108.8;100;;;90394;89;;;;;;;;;;;;
SMA;01.01.1898 00:00;8.6;4.6;13;-1.2;-1.6;-1;;;;;;;;;1022.7;92;;;98370;97;;;;;;;;;;;;
SMA;01.01.1899 00:00;8.5;3.9;13.4;-1.3;-2.3;-0.6;;;;;;;;;856.7;77;;;115526;114;;;;;;;;;;;;
SMA;01.01.1900 00:00;8.6;4.6;13;-1.2;-1.6;-1;;;;;;;;;1033.3;93;;;98223;97;;;;;;;;;;;;
SMA;01.01.1901 00:00;7.5;3.4;11.9;-2.3;-2.8;-2.1;;;;;;;;;997.1;90;;;102300;101;;;;;;;;;;;;
SMA;01.01.1902 00:00;7.7;3.8;11.8;-2.1;-2.4;-2.2;;;;;;;;;1136.9;103;;;90732;89;;;;;;;;;;;;
SMA;01.01.1903 00:00;7.9;3.9;12.5;-1.9;-2.3;-1.5;;;;;;;;;991.1;89;;;99234;98;;;;;;;;;;;;
SMA;01.01.1904 00:00;8.6;4.5;13.1;-1.2;-1.7;-0.9;;;;;;;;;934.1;84;;;94826;93;;;;;;;;;;;;
SMA;01.01.1905 00:00;7.8;4;12.2;-2;-2.2;-1.8;;;;;;;;;1251.8;113;;;99339;98;;;;;;;;;;;;
SMA;01.01.1906 00:00;8.1;3.9;13;-1.7;-2.3;-1;;;;;;;;;919.3;83;;;112432;111;;;;;;;;;;;;
SMA;01.01.1907 00:00;7.9;3.9;12.5;-1.9;-2.3;-1.5;;;;;;;;;938.2;85;;;102954;101;;;;;;;;;;;;
SMA;01.01.1908 00:00;7.5;3.6;11.9;-2.3;-2.6;-2.1;;;;;;;;;975.9;88;;;102856;101;;;;;;;;;;;;
SMA;01.01.1909 00:00;7.4;3.4;11.9;-2.4;-2.8;-2.1;;;;;;;;;1016.8;92;;;109881;108;;;;;;;;;;;;
SMA;01.01.1910 00:00;8;4.2;12.3;-1.8;-2;-1.7;;;;;;;;;1446.3;131;;;94230;93;;;;;;;;;;;;
SMA;01.01.1911 00:00;9;4.4;13.8;-0.8;-1.8;-0.2;;;;;;;;;728.5;66;;;124432;122;;;;;;;;;;;;
SMA;01.01.1912 00:00;7.8;3.8;12;-2;-2.4;-2;;;;;;;;;1150.9;104;;;93365;92;;;;;;;;;;;;
SMA;01.01.1913 00:00;8.3;4.5;12.7;-1.5;-1.7;-1.3;;;;;;;;;977.6;88;;;94101;93;;;;;;;;;;;;
SMA;01.01.1914 00:00;7.8;3.9;12.3;-2;-2.3;-1.7;;;;;;;;;1120.5;101;;;96378;95;;;;;;;;;;;;
SMA;01.01.1915 00:00;7.9;4.2;12.1;-1.9;-2;-1.9;;;;;;;;;1068.9;96;;;89468;88;;;;;;;;;;;;
SMA;01.01.1916 00:00;8.4;4.7;12.6;-1.4;-1.5;-1.4;;;;;;;;;1219.5;110;;;88262;87;;;;;;;;;;;;
SMA;01.01.1917 00:00;7.4;3.7;11.7;-2.4;-2.5;-2.3;;;;;;;;;1078.8;97;;;98264;97;;;;;;;;;;;;
SMA;01.01.1918 00:00;8.1;4.2;12.8;-1.7;-2;-1.2;;;;;;;;;999.5;90;;;102744;101;;;;;;;;;;;;
SMA;01.01.1919 00:00;7.6;3.7;12.2;-2.2;-2.5;-1.8;;;;;;;;;1032.1;93;;;102225;101;;;;;;;;;;;;
SMA;01.01.1920 00:00;8.6;4.8;13.4;-1.2;-1.4;-0.6;;;;;;;;;726.5;66;;;94559;93;;;;;;;;;;;;
SMA;01.01.1921 00:00;9;4.8;14.1;-0.8;-1.4;0.1;;;;;;;;;711;64;;;116407;115;;;;;;;;;;;;
SMA;01.01.1922 00:00;7.6;3.8;11.8;-2.2;-2.4;-2.2;;;;;;;;;1346.3;122;;;89810;88;;;;;;;;;;;;
SMA;01.01.1923 00:00;8.5;4.5;13;-1.3;-1.7;-1;;;;;;;;;1025.6;93;;;103202;102;;;;;;;;;;;;
SMA;01.01.1924 00:00;7.6;4;11.5;-2.2;-2.2;-2.5;;;;;;;;;980;88;;;87529;86;;;;;;;;;;;;
SMA;01.01.1925 00:00;8.1;4.3;12.4;-1.7;-1.9;-1.6;;;;;;;;;988.7;89;;;97068;95;;;;;;;;;;;;
SMA;01.01.1926 00:00;8.6;4.9;13.1;-1.2;-1.3;-0.9;;;;;;;;;967.4;87;;;97332;96;;;;;;;;;;;;
SMA;01.01.1927 00:00;8.3;4.6;12.6;-1.5;-1.6;-1.4;;;;;;;;;1180.2;107;;;100302;99;;;;;;;;;;;;
SMA;01.01.1928 00:00;9;5;13.4;-0.8;-1.2;-0.6;;;;;;;;;960.1;87;;;106190;104;;;;;;;;;;;;
SMA;01.01.1929 00:00;7.9;3.7;12.7;-1.9;-2.5;-1.3;;;;;;;;;915.3;83;;;110050;108;;;;;;;;;;;;
SMA;01.01.1930 00:00;8.8;5.2;13.2;-1;-1;-0.8;;;;;;;;;1310.2;118;;;91844;90;;;;;;;;;;;;
SMA;01.01.1931 00:00;7.4;3.7;12;-2.4;-2.5;-2;;;;;;;;;1229.1;111;;;100853;99;;;;;;;;;;;;
SMA;01.01.1932 00:00;7.8;4.4;12.4;-2;-1.8;-1.6;;;;;;;;;991.1;89;;;96274;95;;;;;;;;;;;;
SMA;01.01.1933 00:00;7.6;4.1;12;-2.2;-2.1;-2;;;;;;;;;1029.7;93;;;100870;99;;;;;;;;;;;;
SMA;01.01.1934 00:00;8.9;5.2;13.8;-0.9;-1;-0.2;;;;;;;;;966.3;87;;;110013;108;;;;;;;;;;;;
SMA;01.01.1935 00:00;8.2;4.6;12.6;-1.6;-1.6;-1.4;;;;;;;;;1196.7;108;;;104598;103;;;;;;;;;;;;
SMA;01.01.1936 00:00;8.4;5.3;12.6;-1.4;-0.9;-1.4;;;;;;;;;1249.4;113;;;89006;88;;;;;;;;;;;;
SMA;01.01.1937 00:00;8.6;5.3;12.9;-1.2;-0.9;-1.1;;;;;;;;;1063.5;96;;;88613;87;;;;;;;;;;;;
SMA;01.01.1938 00:00;8.2;4.5;13;-1.6;-1.7;-1;;;;;;;;;1046.1;94;;;108970;107;;;;;;;;;;;;
SMA;01.01.1939 00:00;7.9;4.9;11.6;-1.9;-1.3;-2.4;;;;;;;;;1358.4;123;;;79515;78;;;;;;;;;;;;
SMA;01.01.1940 00:00;7.1;3.7;11.3;-2.7;-2.5;-2.7;;;;;;;;;1370.3;124;;;92811;91;;;;;;;;;;;;
SMA;01.01.1941 00:00;7.4;4;11.6;-2.4;-2.2;-2.4;;;;;;;;;1006.3;91;;;95281;94;;;;;;;;;;;;
SMA;01.01.1942 00:00;7.9;4.4;12.2;-1.9;-1.8;-1.8;;;;;;;;;926.3;84;;;103428;102;;;;;;;;;;;;
SMA;01.01.1943 00:00;9.2;5.4;13.8;-0.6;-0.8;-0.2;;;;;;;;;763.1;69;;;108512;107;;;;;;;;;;;;
SMA;01.01.1944 00:00;8.2;4.7;12.1;-1.6;-1.5;-1.9;;;;;;;;;1087.2;98;;;88798;87;;;;;;;;;;;;
SMA;01.01.1945 00:00;9;5.1;13.4;-0.8;-1.1;-0.6;;;;;;;;;1012.1;91;;;111474;110;;;;;;;;;;;;
SMA;01.01.1946 00:00;8.6;5.1;12.8;-1.2;-1.1;-1.2;;;;;;;;;1094.8;99;;;98966;97;;;;;;;;;;;;
SMA;01.01.1947 00:00;9.4;5.3;14.2;-0.4;-0.9;0.2;;;;;;;;;874.8;79;;;113357;112;;;;;;;;;;;;
SMA;01.01.1948 00:00;8.9;5.4;13.4;-0.9;-0.8;-0.6;;;;;;;;;889.2;80;;;100064;98;;;;;;;;;;;;
SMA;01.01.1949 00:00;9.4;5.4;14.3;-0.4;-0.8;0.3;;;;;;;;;646.7;58;;;116142;114;;;;;;;;;;;;
SMA;01.01.1950 00:00;9;5.1;13.6;-0.8;-1.1;-0.4;;;;;;;;;1052.7;95;;;102724;101;;;;;;;;;;;;
SMA;01.01.1951 00:00;8.6;5;12.8;-1.2;-1.2;-1.2;;;;;;;;;1076.8;97;;;89345;88;;;;;;;;;;;;
SMA;01.01.1952 00:00;8.6;5;12.9;-1.2;-1.2;-1.1;;;;;;;;;1261.5;114;;;100669;99;;;;;;;;;;;;
SMA;01.01.1953 00:00;8.5;5;13.1;-1.3;-1.2;-0.9;;;;;;;;;844.4;76;;;105930;104;;;;;;;;;;;;
SMA;01.01.1954 00:00;8;4.5;12;-1.8;-1.7;-2;;;;;;;;;1117.5;101;;;91124;90;;;;;;;;;;;;
SMA;01.01.1955 00:00;8.1;4.6;12.2;-1.7;-1.6;-1.8;;;;;;;;;1087.8;98;;;92319;91;;;;;;;;;;;;
SMA;01.01.1956 00:00;7.1;3.6;11;-2.7;-2.6;-3;;;;;;;;;1137.6;103;;;91236;90;;;;;;;;;;;;
SMA;01.01.1957 00:00;8.6;5.1;12.6;-1.2;-1.1;-1.4;;;;;;;;;987.7;89;;;96060;94;;;;;;;;;;;;
SMA;01.01.1958 00:00;8.6;5.1;12.3;-1.2;-1.1;-1.7;;;;;;;;;1348.3;122;;;93004;91;;;;;;;;;;;;
SMA;01.01.1959 00:00;9.2;5.4;13.6;-0.6;-0.8;-0.4;9.7;-0.1;24;951.8;-0.3;10;;;878.4;79;;;110919;109;3459.8;79.8;;111;-9.4;31;76;34;17;0;2;
SMA;01.01.1960 00:00;8.6;5.2;12.8;-1.2;-1;-1.2;8.9;-0.9;12;949.2;-2.9;8;;;1226.2;111;;;96539;95;3543.5;31;;152;-16.5;29.4;69;19;24;0;0;
SMA;01.01.1961 00:00;9.5;5.9;13.8;-0.3;-0.3;-0.2;10.1;0.3;17;952.3;0.2;8;;;898.2;81;;;106961;105;3312.8;73;1544.8;130;-11.2;30.5;64;34;21;0;2;
SMA;01.01.1962 00:00;7.6;4;11.8;-2.2;-2.2;-2.2;8.4;-1.4;17;951.8;-0.3;6;;;930.7;84;;;108919;107;4140.3;85;2196.3;113;-14.6;31.6;110;35;33;0;4;
SMA;01.01.1963 00:00;7.4;4;11.5;-2.4;-2.2;-2.5;9.1;-0.7;34;950.2;-1.9;6;;;973.5;88;;;93326;92;4132.5;59.2;2204.5;123;-19;30.6;98;23;56;0;1;
SMA;01.01.1964 00:00;8.5;5.1;12.3;-1.3;-1.1;-1.7;9.2;-0.6;19;952.4;0.3;9;;;916.2;83;;;94700;93;3740;108.9;1980;128;-10.5;32.3;88;42;44;0;7;
SMA;01.01.1965 00:00;7.6;4.4;11.5;-2.2;-1.8;-2.5;9.3;-0.5;14;949.9;-2.2;17;;;1447;131;;;80529;79;4093.5;39.3;2005.5;175;-11.1;31.1;87;18;22;0;2;
SMA;01.01.1966 00:00;8.7;5.5;12.9;-1.1;-0.7;-1.1;9.7;-0.1;13;949.6;-2.5;6;;;1231.9;111;;;91102;90;3522.5;51.7;1738.5;160;-16.6;32.3;75;27;18;0;2;
SMA;01.01.1967 00:00;8.7;5.1;13.1;-1.1;-1.1;-0.9;9.5;-0.3;14;952.3;0.2;7;;;1026.6;93;;;101798;100;3676;80.3;1812;121;-11.8;31.1;73;36;25;0;5;
SMA;01.01.1968 00:00;8.2;5;12.3;-1.6;-1.2;-1.7;9.3;-0.5;21;950.5;-1.6;9;;;1086.6;98;;;93988;92;3715.7;47.8;1867.7;144;-14.6;30.7;93;20;31;1;1;
SMA;01.01.1969 00:00;8;4.5;12.1;-1.8;-1.7;-1.9;9.3;-0.5;22;949.9;-2.2;7;;;894.5;81;;;93226;92;4004.2;80.4;2036.2;125;-11.9;30.3;106;37;41;0;1;
SMA;01.01.1970 00:00;7.9;4.6;12;-1.9;-1.6;-2;9;-0.8;14;950.7;-1.4;11;;;1331.5;120;;;87828;86;3947.6;63.2;2043.6;152;-10.9;31.2;105;33;31;0;1;0
SMA;01.01.1971 00:00;8.3;4.5;12.8;-1.5;-1.7;-1.2;9.2;-0.6;20;951.7;-0.4;6;;;903;82;;;107498;106;3755.7;75.9;1955.7;114;-14.7;30.6;98;31;29;0;4;0
SMA;01.01.1972 00:00;7.9;4.5;12.2;-1.9;-1.7;-1.8;9;-0.8;32;951.1;-1;8;;;950.7;86;;;90052;89;4044.1;45.9;1908.1;120;-8.2;30.5;73;21;24;0;1;0
SMA;01.01.1973 00:00;8;4.7;12.2;-1.8;-1.5;-1.8;8.9;-0.9;14;953.4;1.3;13;;;1052.2;95;;;91265;90;3952.8;76.1;2080.8;136;-14.3;29.6;115;39;23;0;0;0
SMA;01.01.1974 00:00;8.9;5.5;13;-0.9;-0.7;-1;9.3;-0.5;18;950.5;-1.6;10;;;1089.3;98;;;90500;89;3612.8;53.4;1668.8;150;-5.3;32.1;54;23;2;0;3;0
SMA;01.01.1975 00:00;8.6;5.4;12.6;-1.2;-0.8;-1.4;9.4;-0.4;23;952.5;0.4;9;;;1151.2;104;;;88668;87;3730.1;63.4;1818.1;120;-9.5;30.5;83;32;15;0;1;0
SMA;01.01.1976 00:00;8.6;5.1;12.8;-1.2;-1.1;-1.2;9.2;-0.6;21;951.1;-1;7;;;910;82;;;103248;102;3703.1;104.6;1855.1;114;-11.4;31.2;84;38;33;0;7;0
SMA;01.01.1977 00:00;8.9;5.7;12.9;-0.9;-0.5;-1.1;9.4;-0.4;13;950.9;-1.2;7;;;1097.5;99;;;79002;78;3418.2;17.3;1594.2;151;-6.7;29.9;67;15;13;0;0;0
SMA;01.01.1978 00:00;7.9;4.6;11.7;-1.9;-1.6;-2.3;9;-0.8;20;950.4;-1.7;9;;;1204.6;109;;;78780;77;3944.1;30.8;1904.1;130;-9.3;28.5;87;18;28;0;0;0
SMA;01.01.1979 00:00;8.5;5.1;12.5;-1.3;-1.1;-1.5;9.4;-0.4;14;950.2;-1.9;7;;;1184.2;107;;;80904;80;3768;48.4;1856;145;-12.5;30.2;80;26;17;0;1;0
SMA;01.01.1980 00:00;7.9;4.7;11.9;-1.9;-1.5;-2.1;9;-0.8;17;951;-1.1;9;;;1027.3;93;;;76890;76;3894.9;47;1950.9;138;-12.7;30.3;85;19;29;0;1;0
SMA;01.01.1981 00:00;8.6;5;12.8;-1.2;-1.2;-1.2;9.4;-0.4;19;951.1;-1;8;1.9;90;1289.6;116;125;93;81350;80;3638.1;65.2;1814.1;148;-11.9;29.5;91;27;26;0;0;0
SMA;01.01.1982 00:00;9.2;5.8;13.5;-0.6;-0.4;-0.5;9.9;0.1;14;952.3;0.2;8;1.9;90;1171.9;106;130;96;87284;86;3478;83.9;1694;139;-8.1;30;64;34;16;0;1;0
SMA;01.01.1983 00:00;9.3;5.7;13.6;-0.5;-0.5;-0.4;9.8;0;37;952.9;0.8;8;2;95;875.9;79;134;99;91518;90;3532.6;159.4;1748.6;122;-10.9;35.8;81;44;28;2;12;2
SMA;01.01.1984 00:00;8.3;5;12.5;-1.5;-1.2;-1.5;9.1;-0.7;21;951;-1.1;7;2.1;100;993.9;90;129;96;86885;85;3798.4;57.9;1862.4;116;-9.9;34.7;88;27;17;0;6;0
SMA;01.01.1985 00:00;8.2;4.5;12.5;-1.6;-1.7;-1.5;9.1;-0.7;19;951.5;-0.6;8;2.1;100;959.6;87;136;101;98571;97;3808.4;75.4;2040.4;119;-19.6;32.2;93;36;40;0;4;0
SMA;01.01.1986 00:00;8.4;4.8;12.5;-1.4;-1.4;-1.5;9.2;-0.6;30;951.8;-0.3;7;2.1;100;1204.3;109;127;94;92864;91;3743.9;93.9;1919.9;140;-15.4;32.3;89;42;35;0;1;0
SMA;01.01.1987 00:00;8.3;5;12.2;-1.5;-1.2;-1.8;9.4;-0.4;17;951.7;-0.4;12;2;95;1215.2;110;120;89;79685;78;3846;88.8;1958;141;-20.9;30.8;84;36;37;0;2;0
SMA;01.01.1988 00:00;9.4;6;13.4;-0.4;-0.2;-0.6;9.8;0;13;951.5;-0.6;12;2.2;105;1414.6;128;126;93;87513;86;3334;67.2;1574;155;-9;31.6;70;24;8;0;1;0
SMA;01.01.1989 00:00;9.4;5.9;13.9;-0.4;-0.3;-0.1;9.6;-0.2;30;953.4;1.3;7;1.9;90;950.1;86;133;99;102635;101;3354.6;61.1;1570.6;126;-8.5;30.8;62;26;19;0;1;0
SMA;01.01.1990 00:00;9.7;6.1;14.3;-0.1;-0.1;0.3;9.5;-0.3;19;953;0.9;9;2.2;105;1188.2;107;135;100;103835;102;3234.3;99.3;1498.3;130;-7.3;32.8;61;37;17;0;7;0
SMA;01.01.1991 00:00;8.9;5.2;13;-0.9;-1;-1;9.3;-0.5;26;952.9;0.8;7;2.1;100;924.1;83;132;98;96932;95;3752.8;134.2;1856.8;110;-13.1;33.1;89;53;34;0;6;0
SMA;01.01.1992 00:00;9.5;5.9;13.6;-0.3;-0.3;-0.4;9.7;-0.1;19;952.9;0.8;10;2.2;105;1078.5;97;127;94;89411;88;3437.8;151.4;1693.8;132;-10.4;32.5;69;41;21;1;14;0
SMA;01.01.1993 00:00;9.1;5.6;13.2;-0.7;-0.6;-0.8;9.6;-0.2;19;952.7;0.6;7;2.1;100;1173.6;106;129;96;90155;89;3443.9;84.4;1683.9;130;-11.4;30.8;77;33;27;0;2;0
SMA;01.01.1994 00:00;10.5;7;14.4;0.7;0.8;0.4;10.5;0.7;17;952;-0.1;8;2.2;105;1171.9;106;122;90;84365;83;3152.1;186.9;1360.1;149;-7.3;33.3;35;51;13;0;11;0
SMA;01.01.1995 00:00;9.2;5.7;13.3;-0.6;-0.5;-0.7;9.8;0;29;951.8;-0.3;11;2.3;110;1323.3;119;128;95;90330;89;3482.5;115.8;1666.5;150;-10.9;32.7;80;37;27;0;5;0
SMA;01.01.1996 00:00;8.1;4.8;12.1;-1.7;-1.4;-1.9;9;-0.8;29;950.2;-1.9;7;2;95;1003.7;91;129;96;89491;88;3927.8;63.3;1951.8;125;-13;30.5;103;29;32;0;1;0
SMA;01.01.1997 00:00;9.4;5.8;13.8;-0.4;-0.4;-0.2;9.7;-0.1;26;952.7;0.6;7;2.1;100;985.9;89;138;102;100794;99;3340.2;84.1;1604.2;111;-11.5;29.9;74;39;24;0;0;0
SMA;01.01.1998 00:00;9.5;5.9;13.8;-0.3;-0.3;-0.2;9.3;-0.5;18;952.5;0.4;6;2.1;100;1043.8;94;133;99;96529;95;3396.8;131.8;1628.8;126;-10;33.4;73;40;26;0;13;0
SMA;01.01.1999 00:00;9.4;6;13.4;-0.4;-0.2;-0.6;10;0.2;19;951.4;-0.7;14;2.1;100;1549;140;125;93;88367;87;3362.5;82.5;1666.5;160;-11.6;31;74;35;19;0;2;0
SMA;01.01.2000 00:00;10.2;6.7;14.4;0.4;0.5;0.4;10;0.2;12;951.8;-0.3;8;2;95;1156.7;104;133;99;99413;98;3159.4;97.3;1391.4;145;-12.2;31.8;48;38;8;0;3;0
SMA;01.01.2001 00:00;9.4;6;13.6;-0.4;-0.2;-0.4;9.8;0;18;951.7;-0.4;9;2.2;105;1482.9;134;129;96;94799;93;3335.5;107.7;1607.5;156;-14.7;31;76;39;16;0;2;0
SMA;01.01.2002 00:00;10.2;6.8;14.4;0.4;0.6;0.4;10;0.2;19;951.6;-0.5;9;2.2;105;1275.8;115;132;98;97229;96;3114.2;102;1354.2;139;-9.1;34.1;44;36;15;1;7;0
SMA;01.01.2003 00:00;10.1;6.1;14.8;0.3;-0.1;0.8;9.6;-0.2;22;952.9;0.8;9;2;95;859.2;78;146;108;122540;121;3400.3;345.9;1752.3;117;-10.4;36;94;85;28;1;27;1
SMA;01.01.2004 00:00;9.5;6;13.5;-0.3;-0.2;-0.5;9.5;-0.3;24;952.1;0;11;2.1;100;1071;97;136;101;98923;97;3324.6;103.8;1652.6;134;-8;29.9;87;41;15;0;0;0
SMA;01.01.2005 00:00;9.3;5.7;13.4;-0.5;-0.5;-0.6;9.7;-0.1;17;953;0.9;7;1.9;90;1041.9;94;137;102;105902;104;3482.4;134.5;1738.4;125;-14.1;32.7;92;43;38;1;9;0
SMA;01.01.2006 00:00;9.8;6.3;14;0;0.1;0;10;0.2;20;952.7;0.6;7;2;95;1134.5;102;133;99;101691;100;3291.3;192.7;1659.3;130;-8.6;33.1;85;51;28;1;16;0
SMA;01.01.2007 00:00;10.1;6.4;14.3;0.3;0.2;0.3;9.8;0;30;952.8;0.7;8;2.2;105;1152.9;104;139;103;107139;105;3104.5;93;1440.5;137;-8.4;33.2;56;37;18;0;2;0
SMA;01.01.2008 00:00;9.6;6.2;13.7;-0.2;0;-0.3;9.7;-0.1;14;951.7;-0.4;6;2.2;105;1212.7;109;134;99;100741;99;3381.5;111.7;1597.5;132;-7;30.8;78;36;11;0;3;0
SMA;01.01.2009 00:00;9.9;6.4;14;0.1;0.2;0;9.9;0.1;19;950.6;-1.5;6;2;95;1098.3;99;139;103;103533;102;3185.6;139.9;1625.6;132;-13.6;31.8;76;46;28;0;6;0
SMA;01.01.2010 00:00;8.8;5.5;12.7;-1;-0.7;-1.3;9.4;-0.4;13;949;-3.1;8;2;95;1001.5;90;129;96;91245;90;3662.9;141.4;1854.9;144;-11.3;32.7;88;41;41;0;9;0
SMA;01.01.2011 00:00;10.5;6.7;14.9;0.7;0.5;0.9;10;0.2;42;953.4;1.3;12;1.9;90;913.5;82;147;109;120253;118;2950.3;112.8;1382.3;110;-8.1;32.7;55;39;12;0;8;0
SMA;01.01.2012 00:00;9.7;6.1;13.9;-0.1;-0.1;-0.1;10;0.2;15;952.1;0;8;2;95;1291.7;117;138;102;108316;107;3320.5;129;1616.5;140;-16.9;32.4;67;42;24;0;6;0
SMA;01.01.2013 00:00;9.1;5.7;13;-0.7;-0.5;-1;9.6;-0.2;20;951.1;-1;15;2;95;1093.8;99;127;94;92418;91;3586;165.3;1818;131;-9.5;35.1;102;46;27;2;11;1
SMA;01.01.2014 00:00;10.6;7.1;14.8;0.8;0.9;0.8;10.3;0.5;17;950.6;-1.5;10;1.8;86;1076.4;97;135;100;102836;101;2783.9;73.5;1215.9;124;-11.8;33.4;28;26;4;0;5;0
SMA;01.01.2015 00:00;10.6;6.8;15;0.8;0.6;1;9.8;0;17;954.3;2.2;7;2;95;918;83;144;107;116754;115;3060.2;262.2;1420.2;109;-7.4;34.6;76;54;9;9;26;0
SMA;01.01.2016 00:00;9.9;6.5;14.1;0.1;0.3;0.1;10.1;0.3;35;952.6;0.5;11;2;95;1296.8;117;131;97;98497;97;3334.8;156.5;1566.8;133;-8.7;32.3;68;49;8;0;8;0
SMA;01.01.2017 00:00;10.2;6.5;14.6;0.4;0.3;0.6;9.8;0;13;953.5;1.4;6;2.1;100;1106.6;100;142;105;109694;108;3233.4;214.5;1553.4;133;-12.7;33;76;57;21;6;13;0
SMA;01.01.2018 00:00;11.1;7.3;15.5;1.3;1.1;1.5;10.1;0.3;25;951.2;-0.9;7;2.1;100;897.3;81;144;107;115276;113;2934.5;243.5;1422.5;108;-13.1;34.6;65;74;13;3;16;0
SMA;01.01.2019 00:00;10.5;6.7;14.9;0.7;0.5;0.9;9.9;0.1;18;951.7;-0.4;8;2.2;105;1041.2;94;143;106;112663;111;3111.7;209.4;1399.7;131;-5.7;34.7;59;53;8;4;15;0
SMA;01.01.2020 00:00;10.9;6.9;15.5;1.1;0.7;1.5;9.8;0;28;952.7;0.6;6;2.1;100;859.5;78;149;110;123357;121;2932.7;171.8;1308.7;110;-4.2;33.6;60;55;4;1;9;0
SMA;01.01.2021 00:00;9.6;6.1;13.8;-0.2;-0.1;-0.2;9.6;-0.2;15;952.5;0.4;8;2;95;1126.6;102;137;102;104046;102;3400.5;97.1;1592.5;137;-11.7;31.1;69;34;13;0;5;0
SMA;01.01.2022 00:00;11.5;7.6;16;1.7;1.4;2;10.2;0.4;17;953.6;1.5;7;2.1;100;871.9;79;155;115;128911;127;2775.6;254.9;1239.6;125;-7.7;34.7;60;74;6;3;16;0
SMA;01.01.2023 00:00;11.4;7.7;15.7;1.6;1.5;1.7;10.3;0.5;24;951.9;-0.2;7;2.2;105;1159.6;105;143;106;108738;107;2907.4;253.3;1275.4;135;-7.3;35.5;56;73;7;4;14;1
SMA;01.01.2024 00:00;11;7.7;15;1.2;1.5;1;10.8;1;18;952.1;0;7;1.9;90;1280.8;116;129;96;90470;89;2873.9;208.4;1265.9;147;-7.6;32.4;41;49;14;0;11;0
